[
  {
    "name": "Chennai District Hub",
    "region": "Tamil Nadu",
    "city": "Chennai",
    "pincode": "600001",
    "address": "Anna Salai, Chennai",
    "managername": "Rajesh Kumar",
    "contactphone": "+91-9876543201",
    "latitude": null,
    "longitude": null,
    "createdat": "2025-12-23T00:00:00Z"
  },
  {
    "name": "Tiruvallur District Hub",
    "region": "Tamil Nadu",
    "city": "Tiruvallur",
    "pincode": "602001",
    "address": "Main Road, Tiruvallur",
    "managername": "Priya Sharma",
    "contactphone": "+91-9876543202",
    "latitude": null,
    "longitude": null,
    "createdat": "2025-12-23T00:00:00Z"
  },
  {
    "name": "Kanchipuram District Hub",
    "region": "Tamil Nadu",
    "city": "Kanchipuram",
    "pincode": "631501",
    "address": "Silk Market Road, Kanchipuram",
    "managername": "Vijay Anand",
    "contactphone": "+91-9876543203",
    "latitude": null,
    "longitude": null,
    "createdat": "2025-12-23T00:00:00Z"
  },
  {
    "name": "Vellore District Hub",
    "region": "Tamil Nadu",
    "city": "Vellore",
    "pincode": "632001",
    "address": "CMC Road, Vellore",
    "managername": "Lakshmi Devi",
    "contactphone": "+91-9876543204",
    "latitude": null,
    "longitude": null,
    "createdat": "2025-12-23T00:00:00Z"
  },
  {
    "name": "Ranipet District Hub",
    "region": "Tamil Nadu",
    "city": "Ranipet",
    "pincode": "632401",
    "address": "NH 48, Ranipet",
    "managername": "Suresh Babu",
    "contactphone": "+91-9876543205",
    "latitude": null,
    "longitude": null,
    "createdat": "2025-12-23T00:00:00Z"
  },
  {
    "name": "Tirupattur District Hub",
    "region": "Tamil Nadu",
    "city": "Tirupattur",
    "pincode": "635601",
    "address": "Bazaar Street, Tirupattur",
    "managername": "Arun Kumar",
    "contactphone": "+91-9876543206",
    "latitude": null,
    "longitude": null,
    "createdat": "2025-12-23T00:00:00Z"
  },
  {
    "name": "Tiruvannamalai District Hub",
    "region": "Tamil Nadu",
    "city": "Tiruvannamalai",
    "pincode": "606601",
    "address": "Girivalam Road, Tiruvannamalai",
    "managername": "Meena Devi",
    "contactphone": "+91-9876543207",
    "latitude": null,
    "longitude": null,
    "createdat": "2025-12-23T00:00:00Z"
  },
  {
    "name": "Villupuram District Hub",
    "region": "Tamil Nadu",
    "city": "Villupuram",
    "pincode": "605602",
    "address": "Railway Road, Villupuram",
    "managername": "Karthik Raja",
    "contactphone": "+91-9876543208",
    "latitude": null,
    "longitude": null,
    "createdat": "2025-12-23T00:00:00Z"
  },
  {
    "name": "Coimbatore District Hub",
    "region": "Tamil Nadu",
    "city": "Coimbatore",
    "pincode": "641001",
    "address": "RS Puram, Coimbatore",
    "managername": "Ramesh Kumar",
    "contactphone": "+91-9876543209",
    "latitude": null,
    "longitude": null,
    "createdat": "2025-12-23T00:00:00Z"
  },
  {
    "name": "Tiruppur District Hub",
    "region": "Tamil Nadu",
    "city": "Tiruppur",
    "pincode": "641601",
    "address": "Textile Market, Tiruppur",
    "managername": "Geetha Lakshmi",
    "contactphone": "+91-9876543210",
    "latitude": null,
    "longitude": null,
    "createdat": "2025-12-23T00:00:00Z"
  },
  {
    "name": "Erode District Hub",
    "region": "Tamil Nadu",
    "city": "Erode",
    "pincode": "638001",
    "address": "Perundurai Road, Erode",
    "managername": "Senthil Nathan",
    "contactphone": "+91-9876543211",
    "latitude": null,
    "longitude": null,
    "createdat": "2025-12-23T00:00:00Z"
  },
  {
    "name": "Nilgiris District Hub",
    "region": "Tamil Nadu",
    "city": "Ooty",
    "pincode": "643001",
    "address": "Commercial Road, Ooty",
    "managername": "Krishna Murthy",
    "contactphone": "+91-9876543212",
    "latitude": null,
    "longitude": null,
    "createdat": "2025-12-23T00:00:00Z"
  },
  {
    "name": "Salem District Hub",
    "region": "Tamil Nadu",
    "city": "Salem",
    "pincode": "636001",
    "address": "Cherry Road, Salem",
    "managername": "Anitha Rani",
    "contactphone": "+91-9876543213",
    "latitude": null,
    "longitude": null,
    "createdat": "2025-12-23T00:00:00Z"
  },
  {
    "name": "Namakkal District Hub",
    "region": "Tamil Nadu",
    "city": "Namakkal",
    "pincode": "637001",
    "address": "Main Road, Namakkal",
    "managername": "Balaji Subramanian",
    "contactphone": "+91-9876543214",
    "latitude": null,
    "longitude": null,
    "createdat": "2025-12-23T00:00:00Z"
  },
  {
    "name": "Dharmapuri District Hub",
    "region": "Tamil Nadu",
    "city": "Dharmapuri",
    "pincode": "636701",
    "address": "Bazaar Street, Dharmapuri",
    "managername": "Vani Priya",
    "contactphone": "+91-9876543215",
    "latitude": null,
    "longitude": null,
    "createdat": "2025-12-23T00:00:00Z"
  },
  {
    "name": "Krishnagiri District Hub",
    "region": "Tamil Nadu",
    "city": "Krishnagiri",
    "pincode": "635001",
    "address": "NH 44, Krishnagiri",
    "managername": "Murali Manohar",
    "contactphone": "+91-9876543216",
    "latitude": null,
    "longitude": null,
    "createdat": "2025-12-23T00:00:00Z"
  },
  {
    "name": "Madurai District Hub",
    "region": "Tamil Nadu",
    "city": "Madurai",
    "pincode": "625001",
    "address": "Anna Nagar, Madurai",
    "managername": "Saravanan Pillai",
    "contactphone": "+91-9876543217",
    "latitude": null,
    "longitude": null,
    "createdat": "2025-12-23T00:00:00Z"
  },
  {
    "name": "Theni District Hub",
    "region": "Tamil Nadu",
    "city": "Theni",
    "pincode": "625531",
    "address": "Bus Stand Road, Theni",
    "managername": "Kavitha Devi",
    "contactphone": "+91-9876543218",
    "latitude": null,
    "longitude": null,
    "createdat": "2025-12-23T00:00:00Z"
  },
  {
    "name": "Dindigul District Hub",
    "region": "Tamil Nadu",
    "city": "Dindigul",
    "pincode": "624001",
    "address": "Trichy Road, Dindigul",
    "managername": "Mahesh Kumar",
    "contactphone": "+91-9876543219",
    "latitude": null,
    "longitude": null,
    "createdat": "2025-12-23T00:00:00Z"
  },
  {
    "name": "Sivaganga District Hub",
    "region": "Tamil Nadu",
    "city": "Sivaganga",
    "pincode": "630561",
    "address": "Collector Office Road, Sivaganga",
    "managername": "Bharathi Devi",
    "contactphone": "+91-9876543220",
    "latitude": null,
    "longitude": null,
    "createdat": "2025-12-23T00:00:00Z"
  },
  {
    "name": "Ramanathapuram District Hub",
    "region": "Tamil Nadu",
    "city": "Ramanathapuram",
    "pincode": "623501",
    "address": "Railway Station Road, Ramanathapuram",
    "managername": "Ganesh Babu",
    "contactphone": "+91-9876543221",
    "latitude": null,
    "longitude": null,
    "createdat": "2025-12-23T00:00:00Z"
  },
  {
    "name": "Virudhunagar District Hub",
    "region": "Tamil Nadu",
    "city": "Virudhunagar",
    "pincode": "626001",
    "address": "Main Bazaar, Virudhunagar",
    "managername": "Selvi Rani",
    "contactphone": "+91-9876543222",
    "latitude": null,
    "longitude": null,
    "createdat": "2025-12-23T00:00:00Z"
  },
  {
    "name": "Tuticorin District Hub",
    "region": "Tamil Nadu",
    "city": "Tuticorin",
    "pincode": "628001",
    "address": "Harbour Road, Tuticorin",
    "managername": "Prakash Kumar",
    "contactphone": "+91-9876543223",
    "latitude": null,
    "longitude": null,
    "createdat": "2025-12-23T00:00:00Z"
  },
  {
    "name": "Kanyakumari District Hub",
    "region": "Tamil Nadu",
    "city": "Nagercoil",
    "pincode": "629001",
    "address": "Vadasery, Nagercoil",
    "managername": "Shanthi Devi",
    "contactphone": "+91-9876543224",
    "latitude": null,
    "longitude": null,
    "createdat": "2025-12-23T00:00:00Z"
  },
  {
    "name": "Tirunelveli District Hub",
    "region": "Tamil Nadu",
    "city": "Tirunelveli",
    "pincode": "627001",
    "address": "Junction Road, Tirunelveli",
    "managername": "Rajagopal Reddy",
    "contactphone": "+91-9876543225",
    "latitude": null,
    "longitude": null,
    "createdat": "2025-12-23T00:00:00Z"
  },
  {
    "name": "Tenkasi District Hub",
    "region": "Tamil Nadu",
    "city": "Tenkasi",
    "pincode": "627811",
    "address": "Main Road, Tenkasi",
    "managername": "Uma Maheswari",
    "contactphone": "+91-9876543226",
    "latitude": null,
    "longitude": null,
    "createdat": "2025-12-23T00:00:00Z"
  },
  {
    "name": "Tiruchirappalli District Hub",
    "region": "Tamil Nadu",
    "city": "Trichy",
    "pincode": "620001",
    "address": "Junction Road, Trichy",
    "managername": "Venkatesh Kumar",
    "contactphone": "+91-9876543227",
    "latitude": null,
    "longitude": null,
    "createdat": "2025-12-23T00:00:00Z"
  },
  {
    "name": "Karur District Hub",
    "region": "Tamil Nadu",
    "city": "Karur",
    "pincode": "639001",
    "address": "Textile Market, Karur",
    "managername": "Parvathi Devi",
    "contactphone": "+91-9876543228",
    "latitude": null,
    "longitude": null,
    "createdat": "2025-12-23T00:00:00Z"
  },
  {
    "name": "Perambalur District Hub",
    "region": "Tamil Nadu",
    "city": "Perambalur",
    "pincode": "621212",
    "address": "Main Road, Perambalur",
    "managername": "Srinivasan Iyer",
    "contactphone": "+91-9876543229",
    "latitude": null,
    "longitude": null,
    "createdat": "2025-12-23T00:00:00Z"
  },
  {
    "name": "Ariyalur District Hub",
    "region": "Tamil Nadu",
    "city": "Ariyalur",
    "pincode": "621704",
    "address": "Collector Office Road, Ariyalur",
    "managername": "Jaya Lakshmi",
    "contactphone": "+91-9876543230",
    "latitude": null,
    "longitude": null,
    "createdat": "2025-12-23T00:00:00Z"
  },
  {
    "name": "Thanjavur District Hub",
    "region": "Tamil Nadu",
    "city": "Thanjavur",
    "pincode": "613001",
    "address": "Gandhi Road, Thanjavur",
    "managername": "Mohan Krishna",
    "contactphone": "+91-9876543231",
    "latitude": null,
    "longitude": null,
    "createdat": "2025-12-23T00:00:00Z"
  },
  {
    "name": "Nagapattinam District Hub",
    "region": "Tamil Nadu",
    "city": "Nagapattinam",
    "pincode": "611001",
    "address": "Port Road, Nagapattinam",
    "managername": "Radha Krishnan",
    "contactphone": "+91-9876543232",
    "latitude": null,
    "longitude": null,
    "createdat": "2025-12-23T00:00:00Z"
  },
  {
    "name": "Tiruvarur District Hub",
    "region": "Tamil Nadu",
    "city": "Tiruvarur",
    "pincode": "610001",
    "address": "Main Road, Tiruvarur",
    "managername": "Deepa Rani",
    "contactphone": "+91-9876543233",
    "latitude": null,
    "longitude": null,
    "createdat": "2025-12-23T00:00:00Z"
  },
  {
    "name": "Pudukkottai District Hub",
    "region": "Tamil Nadu",
    "city": "Pudukkottai",
    "pincode": "622001",
    "address": "Trichy Road, Pudukkottai",
    "managername": "Aravind Kumar",
    "contactphone": "+91-9876543234",
    "latitude": null,
    "longitude": null,
    "createdat": "2025-12-23T00:00:00Z"
  },
  {
    "name": "Cuddalore District Hub",
    "region": "Tamil Nadu",
    "city": "Cuddalore",
    "pincode": "607001",
    "address": "Bazaar Street, Cuddalore",
    "managername": "Lakshman Rao",
    "contactphone": "+91-9876543235",
    "latitude": null,
    "longitude": null,
    "createdat": "2025-12-23T00:00:00Z"
  },
  {
    "name": "Kallakurichi District Hub",
    "region": "Tamil Nadu",
    "city": "Kallakurichi",
    "pincode": "606202",
    "address": "Main Road, Kallakurichi",
    "managername": "Sangeetha Devi",
    "contactphone": "+91-9876543236",
    "latitude": null,
    "longitude": null,
    "createdat": "2025-12-23T00:00:00Z"
  }
]